<?xml version="1.0" encoding="UTF-8" ?>
	<extension type="package" method="upgrade">
	<name>pkg_iconsghsvs</name>
	<packagename>iconsghsvs</packagename>
	<author>G@HService Berlin Neukölln, Volkmar Volli Schlothauer</author>
	<creationDate>2022-02-05</creationDate>
	<copyright>(C) 2022, G@HService Berlin Neukölln, Volkmar Volli Schlothauer.</copyright>
	<license>GNU General Public License version 3 or later; see LICENSE.txt.</license>
	<authorUrl>https://ghsvs.de</authorUrl>
	<version>2022.02.08</version>
	<description>Joomla package/file. Customised SVG icons in dir media/iconsghsvs.</description>

	<updateservers><server type="extension" priority="1" name="FILE_ICONSGHSVS">https://raw.githubusercontent.com/GHSVS-de/upadateservers/master/pkg_file_iconsghsvs-update.xml</server></updateservers>

	<changelogurl>https://raw.githubusercontent.com/GHSVS-de/upadateservers/master/pkg_file_iconsghsvs-changelog.xml</changelogurl>

	<infourl>https://updates.ghsvs.de/changelog.php?file=pkg_file_iconsghsvs</infourl>

	<downloadUrl>
	https://github.com/GHSVS-de/pkg_file_iconsghsvs/raw/2022.02.08/dist/pkg_file_iconsghsvs-2022.02.08_1.8.2.zip
	</downloadUrl>

	<minimumPhp>7.4.0</minimumPhp>
	<maximumPhp>8.99999.99999</maximumPhp>
	<minimumJoomla>3.10.0</minimumJoomla>
	<maximumJoomla>4.9999.9999</maximumJoomla>
	<allowDowngrades>1</allowDowngrades>
	<scriptfile>installerScript.php</scriptfile>
	
	<files folder="packages">
		<file type="file" id="iconsghsvs">file_iconsghsvs-2022.02.08_1.8.2.zip</file>
	</files>

	<files>
		<filename>installerScript.php</filename>
		<filename>LICENSE.txt</filename>
	</files>

	<blockChildUninstall>true</blockChildUninstall>
 </extension>
