<?xml version="1.0" encoding="UTF-8" ?>
<extension type="package" method="upgrade">
	<name>PKG_ICONSGHSVS</name>
	<packagename>iconsghsvs</packagename>
	<author>G@HService Berlin Neukölln, Volkmar Volli Schlothauer</author>
	<creationDate>2022-02-05</creationDate>
	<copyright>(C) 2022, G@HService Berlin Neukölln, Volkmar Volli Schlothauer.</copyright>
	<license>GNU General Public License version 3 or later; see LICENSE.txt.</license>
	<authorUrl>https://ghsvs.de</authorUrl>
	<version>2023.11.04</version>
	<description>Joomla package/file. Slightly adapted SVG icons in the directory media/iconsghsvs. No more. No visual changes to the icons.</description>

	<updateservers><server type="extension" priority="1" name="PKG_ICONSGHSVS">https://raw.githubusercontent.com/GHSVS-de/upadateservers/master/pkg_file_iconsghsvs-update.xml</server></updateservers>

	<infourl>https://github.com/GHSVS-de/pkg_file_iconsghsvs/releases/tag/2023.11.04</infourl>

	<minimumPhp>7.4.0</minimumPhp>
	<maximumPhp></maximumPhp>
	<minimumJoomla>3.10.0</minimumJoomla>
	<maximumJoomla>5.9999.9999</maximumJoomla>
	<allowDowngrades>1</allowDowngrades>

	<scriptfile>installerScript.php</scriptfile>

	<files folder="packages">
		<file type="file" id="iconsghsvs">file_iconsghsvs-2023.11.04_1.11.1.zip</file>
	</files>

	<files>
		<filename>installerScript.php</filename>
		<filename>LICENSE.txt</filename>
	</files>

	<blockChildUninstall>true</blockChildUninstall>
 </extension>
